ProductID,ProductName,ImgPath
1,Chai,https://raw.githubusercontent.com/MishaKlymenko/imgSource/main/img/chai.jpg
2,Chang,https://raw.githubusercontent.com/MishaKlymenko/imgSource/main/img/chang.jpg
3,Aniseed Syrup,https://raw.githubusercontent.com/MishaKlymenko/imgSource/main/img/AniseedSyrup.webp
4,Chef Anton's Cajun Seasoning,https://raw.githubusercontent.com/MishaKlymenko/imgSource/main/img/ChefAnton'sCajunSeasoning.jpg
5,Chef Anton's Gumbo Mix,https://raw.githubusercontent.com/MishaKlymenko/imgSource/main/img/ChefAnton'sGumboMix.jpg
6,Grandma's Boysenberry Spread,https://raw.githubusercontent.com/MishaKlymenko/imgSource/main/img/Grandma'sBoysenberrySpread.webp
7,Uncle Bob's Organic Dried Pears,https://raw.githubusercontent.com/MishaKlymenko/imgSource/main/img/UncleBob'sOrganicDriedPears.jpg
8,Northwoods Cranberry Sauce,https://raw.githubusercontent.com/MishaKlymenko/imgSource/main/img/NorthwoodsCranberrySauce.webp
9,Mishi Kobe Niku,https://raw.githubusercontent.com/MishaKlymenko/imgSource/main/img/Mishi%20Kobe%20Niku.jpeg
10,Ikura,https://raw.githubusercontent.com/MishaKlymenko/imgSource/main/img/Ikura.webp
11,Queso Cabrales,https://raw.githubusercontent.com/MishaKlymenko/imgSource/main/img/QuesoCabrales.webp
12,Queso Manchego La Pastora,https://raw.githubusercontent.com/MishaKlymenko/imgSource/main/img/QuesoManchegoLaPastora.jpg
13,Konbu,https://raw.githubusercontent.com/MishaKlymenko/imgSource/main/img/Konbu.jpg
14,Tofu,https://raw.githubusercontent.com/MishaKlymenko/imgSource/main/img/Tofu.jpg
15,Genen Shouyu,https://raw.githubusercontent.com/MishaKlymenko/imgSource/main/img/GenenShouyu.jpg
16,Pavlova,https://raw.githubusercontent.com/MishaKlymenko/imgSource/main/img/Pavlova.webp
17,Alice Mutton,https://raw.githubusercontent.com/MishaKlymenko/imgSource/main/img/AliceMutton.jpg
18,Carnarvon Tigers,https://raw.githubusercontent.com/MishaKlymenko/imgSource/main/img/CarnarvonTigers.jpg
19,Teatime Chocolate Biscuits,https://raw.githubusercontent.com/MishaKlymenko/imgSource/main/img/TeatimeChocolateBiscuits.webp
20,Sir Rodney's Marmalade,https://raw.githubusercontent.com/MishaKlymenko/imgSource/main/img/SirRodney'sMarmalade.webp
21,Sir Rodney's Scones,https://raw.githubusercontent.com/MishaKlymenko/imgSource/main/img/SirRodney'sScones.jpg
22,Gustaf's Knäckebröd,https://raw.githubusercontent.com/MishaKlymenko/imgSource/main/img/Gustaf'sKn%C3%A4ckebr%C3%B6d.jpg
23,Tunnbröd,https://raw.githubusercontent.com/MishaKlymenko/imgSource/main/img/Tunnbr%C3%B6d.jpg
24,Guaraná Fantástica,https://raw.githubusercontent.com/MishaKlymenko/imgSource/main/img/Guaran%C3%A1Fant%C3%A1stica.png
25,NuNuCa Nuß-Nougat-Creme,https://raw.githubusercontent.com/MishaKlymenko/imgSource/main/img/NuNuCaNu%C3%9F-Nougat-Creme.jpg
26,Gumbär Gummibärchen,https://raw.githubusercontent.com/MishaKlymenko/imgSource/main/img/Gumb%C3%A4rGummib%C3%A4rchen.jpg
27,Schoggi Schokolade,https://raw.githubusercontent.com/MishaKlymenko/imgSource/main/img/SchoggiSchokolade.jpg
28,Rössle Sauerkraut,https://raw.githubusercontent.com/MishaKlymenko/imgSource/main/img/R%C3%B6ssleSauerkraut.jpg
29,Thüringer Rostbratwurst,https://raw.githubusercontent.com/MishaKlymenko/imgSource/main/img/Th%C3%BCringerRostbratwurst.jpg
30,Nord-Ost Matjeshering,https://raw.githubusercontent.com/MishaKlymenko/imgSource/main/img/Nord-OstMatjeshering.jpg
31,Gorgonzola Telino,https://raw.githubusercontent.com/MishaKlymenko/imgSource/main/img/GorgonzolaTelino.jpg
32,Mascarpone Fabioli,https://raw.githubusercontent.com/MishaKlymenko/imgSource/main/img/MascarponeFabioli.png
33,Geitost,https://raw.githubusercontent.com/MishaKlymenko/imgSource/main/img/Geitost.jpg
34,Sasquatch Ale,https://raw.githubusercontent.com/MishaKlymenko/imgSource/main/img/Sasquatch%20Ale.jpg
35,Steeleye Stout,https://raw.githubusercontent.com/MishaKlymenko/imgSource/main/img/SteeleyeStout.jpg
36,Inlagd Sill,https://raw.githubusercontent.com/MishaKlymenko/imgSource/main/img/InlagdSill.jpg
37,Gravad lax,https://raw.githubusercontent.com/MishaKlymenko/imgSource/main/img/Gravadlax.jpg
38,Côte de Blaye,https://raw.githubusercontent.com/MishaKlymenko/imgSource/main/img/C%C3%B4tedeBlaye.jpg
39,Chartreuse verte,https://raw.githubusercontent.com/MishaKlymenko/imgSource/main/img/Chartreuseverte.jpg
40,Boston Crab Meat,https://raw.githubusercontent.com/MishaKlymenko/imgSource/main/img/BostonCrabMeat.jpg
41,Jack's New England Clam Chowder,https://raw.githubusercontent.com/MishaKlymenko/imgSource/main/img/Jack'sNewEnglandClamChowder.jpg
42,Singaporean Hokkien Fried Mee,https://raw.githubusercontent.com/MishaKlymenko/imgSource/main/img/SingaporeanHokkienFriedMee.jpg
43,Ipoh Coffee,https://raw.githubusercontent.com/MishaKlymenko/imgSource/main/img/IpohCoffee.jpg
44,Gula Malacca,https://raw.githubusercontent.com/MishaKlymenko/imgSource/main/img/GulaMalacca.jpg
45,Rogede sild,https://raw.githubusercontent.com/MishaKlymenko/imgSource/main/img/Rogedesild.jpg
46,Spegesild,https://raw.githubusercontent.com/MishaKlymenko/imgSource/main/img/Spegesild.webp
47,Zaanse koeken,https://raw.githubusercontent.com/MishaKlymenko/imgSource/main/img/Zaansekoeken.jpeg
48,Chocolade,https://raw.githubusercontent.com/MishaKlymenko/imgSource/main/img/Chocolade.png
49,Maxilaku,https://raw.githubusercontent.com/MishaKlymenko/imgSource/main/img/Maxilaku.jpg
50,Valkoinen suklaa,https://raw.githubusercontent.com/MishaKlymenko/imgSource/main/img/Valkoinensuklaa.jpg
51,Manjimup Dried Apples,https://raw.githubusercontent.com/MishaKlymenko/imgSource/main/img/ManjimupDriedApples.jpg
52,Filo Mix,https://raw.githubusercontent.com/MishaKlymenko/imgSource/main/img/FiloMix.jpg
53,Perth Pasties,https://raw.githubusercontent.com/MishaKlymenko/imgSource/main/img/PerthPasties.jpg
54,Tourtière,https://raw.githubusercontent.com/MishaKlymenko/imgSource/main/img/Tourti%C3%A8re.jpg
55,Pâté chinois,https://raw.githubusercontent.com/MishaKlymenko/imgSource/main/img/P%C3%A2t%C3%A9chinois.jpg
56,Gnocchi di nonna Alice,https://raw.githubusercontent.com/MishaKlymenko/imgSource/main/img/GnocchidinonnaAlice.webp
57,Ravioli Angelo,https://raw.githubusercontent.com/MishaKlymenko/imgSource/main/img/RavioliAngelo.jpg
58,Escargots de Bourgogne,https://raw.githubusercontent.com/MishaKlymenko/imgSource/main/img/EscargotsdeBourgogne.jpg
59,Raclette Courdavault,https://raw.githubusercontent.com/MishaKlymenko/imgSource/main/img/RacletteCourdavault.jpg
60,Camembert Pierrot,https://raw.githubusercontent.com/MishaKlymenko/imgSource/main/img/CamembertPierrot.JPG
61,Sirop d'érable,https://raw.githubusercontent.com/MishaKlymenko/imgSource/main/img/Siropd'%C3%A9rable.jpg
62,Tarte au sucre,https://raw.githubusercontent.com/MishaKlymenko/imgSource/main/img/Tarteausucre.webp
63,Vegie-spread,https://raw.githubusercontent.com/MishaKlymenko/imgSource/main/img/Vegie-spread.jpg
64,Wimmers gute Semmelknödel,https://raw.githubusercontent.com/MishaKlymenko/imgSource/main/img/WimmersguteSemmelkn%C3%B6del.jpg
65,Louisiana Fiery Hot Pepper Sauce,https://raw.githubusercontent.com/MishaKlymenko/imgSource/main/img/LouisianaFieryHotPepperSauce.jpg
66,Louisiana Hot Spiced Okra,https://raw.githubusercontent.com/MishaKlymenko/imgSource/main/img/LouisianaHotSpicedOkra.jpg
67,Laughing Lumberjack Lager,https://raw.githubusercontent.com/MishaKlymenko/imgSource/main/img/LaughingLumberjackLager.jpg
68,Scottish Longbreads,https://raw.githubusercontent.com/MishaKlymenko/imgSource/main/img/ScottishLongbreads.jpg
69,Gudbrandsdalsost,https://raw.githubusercontent.com/MishaKlymenko/imgSource/main/img/Gudbrandsdalsost.jpg
70,Outback Lager,https://raw.githubusercontent.com/MishaKlymenko/imgSource/main/img/OutbackLager.jpg
71,Flotemysost,https://raw.githubusercontent.com/MishaKlymenko/imgSource/main/img/Flotemysost.webp
72,Mozzarella di Giovanni,https://raw.githubusercontent.com/MishaKlymenko/imgSource/main/img/MozzarelladiGiovanni.jpg
73,Röd Kaviar,https://raw.githubusercontent.com/MishaKlymenko/imgSource/main/img/R%C3%B6dKaviar.jpg
74,Longlife Tofu,https://raw.githubusercontent.com/MishaKlymenko/imgSource/main/img/LonglifeTofu.jpg
75,Rhönbräu Klosterbier,https://raw.githubusercontent.com/MishaKlymenko/imgSource/main/img/Rh%C3%B6nbr%C3%A4uKlosterbier.png
76,Lakkalikööri,https://raw.githubusercontent.com/MishaKlymenko/imgSource/main/img/Lakkalik%C3%B6%C3%B6ri.jpg
77,Original Frankfurter grüne Soße,https://raw.githubusercontent.com/MishaKlymenko/imgSource/main/img/OriginalFrankfurtergr%C3%BCneSo%C3%9Fe.webp